<TICKER>,<PER>,<DATE>,<TIME>,<OPEN>,<HIGH>,<LOW>,<CLOSE>,<VOL>
comex.GC,D,05/02/21,000000,1795.4000000,1816.0000000,1793.4000000,1815.2000000,150522
comex.GC,D,07/02/21,000000,1818.1000000,1819.6000000,1808.2000000,1810.7000000,20268
comex.GC,D,08/02/21,000000,1810.6000000,1844.8000000,1807.3000000,1842.5000000,166171
comex.GC,D,09/02/21,000000,1842.4000000,1849.5000000,1832.6000000,1844.8000000,148096
comex.GC,D,10/02/21,000000,1844.8000000,1856.6000000,1834.4000000,1836.3000000,167113
comex.GC,D,11/02/21,000000,1836.5000000,1848.6000000,1819.5000000,1822.5000000,139048
comex.GC,D,12/02/21,000000,1822.5000000,1831.5000000,1810.1000000,1824.8000000,153155
comex.GC,D,14/02/21,000000,1826.0000000,1827.1000000,1820.0000000,1822.4000000,13790
comex.GC,D,15/02/21,000000,1822.3000000,1827.0000000,1815.5000000,1824.9000000,68234
comex.GC,D,16/02/21,000000,1824.9000000,1825.9000000,1785.1000000,1792.1000000,286323
comex.GC,D,17/02/21,000000,1792.1000000,1792.9000000,1767.9000000,1781.4000000,255843
comex.GC,D,18/02/21,000000,1781.4000000,1788.8000000,1759.0000000,1766.1000000,236341
comex.GC,D,19/02/21,000000,1766.1000000,1790.9000000,1766.0000000,1783.1000000,190507
comex.GC,D,21/02/21,000000,1782.0000000,1788.3000000,1778.6000000,1782.8000000,28395
comex.GC,D,22/02/21,000000,1782.7000000,1815.2000000,1782.7000000,1811.9000000,209933
comex.GC,D,23/02/21,000000,1812.0000000,1813.3000000,1794.5000000,1808.6000000,181318
comex.GC,D,24/02/21,000000,1808.6000000,1809.2000000,1782.2000000,1796.4000000,217679
comex.GC,D,25/02/21,000000,1796.4000000,1799.8000000,1763.3000000,1765.8000000,310525
comex.GC,D,26/02/21,000000,1765.8000000,1768.5000000,1714.9000000,1733.0000000,306195
comex.GC,D,28/02/21,000000,1732.8000000,1749.6000000,1731.6000000,1747.8000000,32802
comex.GC,D,01/03/21,000000,1747.9000000,1757.4000000,1704.6000000,1711.1000000,242404
comex.GC,D,02/03/21,000000,1711.0000000,1739.1000000,1708.3000000,1733.5000000,201204
comex.GC,D,03/03/21,000000,1733.5000000,1734.1000000,1699.4000000,1713.1000000,240330
comex.GC,D,04/03/21,000000,1713.1000000,1721.6000000,1683.0000000,1689.2000000,254429
comex.GC,D,05/03/21,000000,1689.0000000,1705.7000000,1683.8000000,1698.2000000,178257
comex.GC,D,07/03/21,000000,1701.6000000,1712.0000000,1700.3000000,1704.8000000,33265
comex.GC,D,08/03/21,000000,1704.8000000,1706.6000000,1673.3000000,1685.1000000,192915
comex.GC,D,09/03/21,000000,1685.1000000,1718.7000000,1684.6000000,1711.1000000,200969
comex.GC,D,10/03/21,000000,1711.0000000,1732.4000000,1705.6000000,1730.0000000,159458
comex.GC,D,11/03/21,000000,1730.0000000,1738.0000000,1714.3000000,1716.8000000,162808
comex.GC,D,12/03/21,000000,1716.8000000,1728.0000000,1696.6000000,1725.8000000,168890
comex.GC,D,14/03/21,000000,1726.5000000,1732.6000000,1722.6000000,1725.6000000,21701
comex.GC,D,15/03/21,000000,1725.5000000,1733.2000000,1719.2000000,1732.0000000,135110
comex.GC,D,16/03/21,000000,1731.9000000,1740.5000000,1724.4000000,1734.7000000,158196
comex.GC,D,17/03/21,000000,1734.7000000,1754.2000000,1722.0000000,1747.4000000,216704
comex.GC,D,18/03/21,000000,1747.5000000,1751.4000000,1716.6000000,1730.6000000,236365
comex.GC,D,19/03/21,000000,1730.5000000,1746.1000000,1728.7000000,1743.9000000,159550
comex.GC,D,21/03/21,000000,1745.6000000,1747.0000000,1731.5000000,1739.2000000,27091
comex.GC,D,22/03/21,000000,1739.2000000,1742.1000000,1726.4000000,1734.7000000,158792
comex.GC,D,23/03/21,000000,1734.7000000,1742.0000000,1722.3000000,1730.6000000,176869
comex.GC,D,24/03/21,000000,1730.7000000,1738.4000000,1725.7000000,1734.4000000,124952
comex.GC,D,25/03/21,000000,1734.5000000,1744.8000000,1720.3000000,1723.2000000,192553
comex.GC,D,26/03/21,000000,1723.2000000,1735.5000000,1718.8000000,1731.6000000,94750
comex.GC,D,28/03/21,000000,1731.5000000,1732.6000000,1724.8000000,1727.8000000,10014
comex.GC,D,29/03/21,000000,1727.7000000,1728.0000000,1703.1000000,1705.2000000,61792
comex.GC,D,30/03/21,000000,1705.4000000,1706.5000000,1676.5000000,1679.6000000,32658
comex.GC,D,31/03/21,000000,1679.5000000,1716.3000000,1678.6000000,1713.6000000,197329
comex.GC,D,01/04/21,000000,1713.5000000,1732.0000000,1710.7000000,1730.3000000,143249
comex.GC,D,02/04/21,000000,1728.4000000,1728.4000000,1728.4000000,1728.4000000,1
comex.GC,D,04/04/21,000000,1728.4000000,1730.8000000,1725.2000000,1725.7000000,9161
comex.GC,D,05/04/21,000000,1725.8000000,1736.4000000,1721.6000000,1734.3000000,107309
comex.GC,D,06/04/21,000000,1734.4000000,1746.7000000,1728.2000000,1739.0000000,142967
comex.GC,D,07/04/21,000000,1739.1000000,1744.1000000,1731.2000000,1739.1000000,116305
comex.GC,D,08/04/21,000000,1739.1000000,1759.4000000,1739.1000000,1753.6000000,138556
comex.GC,D,09/04/21,000000,1753.5000000,1753.9000000,1730.8000000,1744.1000000,148445
comex.GC,D,11/04/21,000000,1744.5000000,1745.0000000,1737.2000000,1739.0000000,14820
comex.GC,D,12/04/21,000000,1739.1000000,1746.2000000,1727.0000000,1731.8000000,124097
comex.GC,D,13/04/21,000000,1731.8000000,1749.9000000,1723.2000000,1744.3000000,162783
comex.GC,D,14/04/21,000000,1744.3000000,1750.7000000,1732.3000000,1738.7000000,139760
comex.GC,D,15/04/21,000000,1738.7000000,1770.6000000,1737.9000000,1763.9000000,191924
comex.GC,D,16/04/21,000000,1763.8000000,1784.7000000,1761.9000000,1777.3000000,150060
comex.GC,D,18/04/21,000000,1778.8000000,1784.0000000,1773.3000000,1777.9000000,24450
comex.GC,D,19/04/21,000000,1777.9000000,1790.4000000,1765.6000000,1773.4000000,172660
comex.GC,D,20/04/21,000000,1773.4000000,1785.5000000,1763.5000000,1782.6000000,161062
comex.GC,D,21/04/21,000000,1782.6000000,1798.4000000,1777.7000000,1793.5000000,163078
comex.GC,D,22/04/21,000000,1793.6000000,1794.9000000,1777.1000000,1786.2000000,158458
comex.GC,D,23/04/21,000000,1786.2000000,1796.3000000,1769.5000000,1776.7000000,152918
comex.GC,D,25/04/21,000000,1776.1000000,1782.9000000,1773.6000000,1780.9000000,14907
comex.GC,D,26/04/21,000000,1780.8000000,1783.9000000,1768.2000000,1779.6000000,135340
comex.GC,D,27/04/21,000000,1779.5000000,1785.9000000,1765.5000000,1771.1000000,142989
comex.GC,D,28/04/21,000000,1771.1000000,1789.9000000,1761.8000000,1784.4000000,179389
comex.GC,D,29/04/21,000000,1784.4000000,1785.7000000,1754.6000000,1765.9000000,214109
comex.GC,D,30/04/21,000000,1765.9000000,1772.9000000,1763.3000000,1768.8000000,126145
comex.GC,D,02/05/21,000000,1768.1000000,1775.4000000,1765.6000000,1774.8000000,13591
comex.GC,D,03/05/21,000000,1774.8000000,1798.9000000,1772.0000000,1789.5000000,163466
comex.GC,D,04/05/21,000000,1789.5000000,1799.5000000,1769.2000000,1782.5000000,229531
comex.GC,D,05/05/21,000000,1782.5000000,1789.7000000,1769.3000000,1789.3000000,173253
comex.GC,D,06/05/21,000000,1789.4000000,1822.8000000,1787.5000000,1821.1000000,253222
comex.GC,D,07/05/21,000000,1821.0000000,1844.6000000,1817.5000000,1832.0000000,293248
comex.GC,D,09/05/21,000000,1835.4000000,1837.6000000,1830.5000000,1832.6000000,27501
comex.GC,D,10/05/21,000000,1832.5000000,1846.3000000,1831.9000000,1835.2000000,196543
comex.GC,D,11/05/21,000000,1835.0000000,1842.5000000,1817.8000000,1827.2000000,235893
comex.GC,D,12/05/21,000000,1827.3000000,1844.7000000,1813.0000000,1817.0000000,275479
comex.GC,D,13/05/21,000000,1817.1000000,1829.1000000,1808.4000000,1822.0000000,197473
comex.GC,D,14/05/21,000000,1822.0000000,1847.1000000,1821.8000000,1844.0000000,179487
comex.GC,D,16/05/21,000000,1845.9000000,1853.2000000,1842.6000000,1851.2000000,31798
comex.GC,D,17/05/21,000000,1851.2000000,1874.3000000,1844.0000000,1868.5000000,199578
comex.GC,D,18/05/21,000000,1868.5000000,1875.9000000,1863.5000000,1869.5000000,173805
comex.GC,D,19/05/21,000000,1869.5000000,1891.3000000,1852.2000000,1876.4000000,338986
comex.GC,D,20/05/21,000000,1876.3000000,1885.3000000,1865.0000000,1874.8000000,158246
comex.GC,D,21/05/21,000000,1874.7000000,1890.3000000,1870.3000000,1881.8000000,172135
comex.GC,D,23/05/21,000000,1883.5000000,1887.9000000,1880.4000000,1883.9000000,22785
comex.GC,D,24/05/21,000000,1884.0000000,1887.0000000,1873.2000000,1879.8000000,148638
comex.GC,D,25/05/21,000000,1879.7000000,1908.4000000,1873.7000000,1906.3000000,187427
comex.GC,D,26/05/21,000000,1906.3000000,1913.3000000,1890.7000000,1897.1000000,97353
comex.GC,D,27/05/21,000000,1897.0000000,1903.9000000,1888.2000000,1894.1000000,9846
comex.GC,D,28/05/21,000000,1894.3000000,1905.4000000,1881.9000000,1903.7000000,799
comex.GC,D,30/05/21,000000,1906.8000000,1913.4000000,1905.3000000,1911.5000000,23154
comex.GC,D,31/05/21,000000,1911.5000000,1917.0000000,1904.8000000,1914.0000000,71409
comex.GC,D,01/06/21,000000,1914.0000000,1919.2000000,1894.5000000,1899.9000000,206785
comex.GC,D,02/06/21,000000,1900.0000000,1912.3000000,1896.4000000,1907.5000000,152439
comex.GC,D,03/06/21,000000,1907.6000000,1907.7000000,1855.6000000,1871.7000000,278462
comex.GC,D,04/06/21,000000,1871.7000000,1899.0000000,1867.8000000,1894.1000000,181247
comex.GC,D,06/06/21,000000,1894.3000000,1894.6000000,1887.1000000,1889.9000000,17819
comex.GC,D,07/06/21,000000,1889.8000000,1906.2000000,1883.7000000,1898.5000000,139228
comex.GC,D,08/06/21,000000,1898.5000000,1906.9000000,1885.7000000,1897.2000000,164121
comex.GC,D,09/06/21,000000,1897.1000000,1901.7000000,1886.3000000,1889.2000000,142714
comex.GC,D,10/06/21,000000,1889.2000000,1903.6000000,1871.8000000,1901.7000000,238046
comex.GC,D,11/06/21,000000,1901.8000000,1906.2000000,1876.1000000,1879.5000000,192376
comex.GC,D,13/06/21,000000,1879.6000000,1879.7000000,1865.2000000,1867.1000000,33081
comex.GC,D,14/06/21,000000,1867.1000000,1872.0000000,1845.7000000,1865.1000000,223275
comex.GC,D,15/06/21,000000,1865.0000000,1870.9000000,1853.0000000,1859.3000000,144430
comex.GC,D,16/06/21,000000,1859.4000000,1866.0000000,1804.4000000,1823.6000000,234476
comex.GC,D,17/06/21,000000,1823.5000000,1823.5000000,1767.9000000,1786.4000000,359054
comex.GC,D,18/06/21,000000,1786.4000000,1797.9000000,1761.2000000,1763.9000000,223040
comex.GC,D,20/06/21,000000,1764.3000000,1777.0000000,1764.1000000,1774.5000000,26906
comex.GC,D,21/06/21,000000,1774.6000000,1790.1000000,1766.1000000,1788.9000000,177032
comex.GC,D,22/06/21,000000,1788.8000000,1789.1000000,1771.2000000,1781.8000000,162973
comex.GC,D,23/06/21,000000,1781.9000000,1795.6000000,1773.1000000,1775.8000000,173849
comex.GC,D,24/06/21,000000,1775.8000000,1788.6000000,1772.7000000,1777.6000000,141087
comex.GC,D,25/06/21,000000,1777.6000000,1791.0000000,1775.5000000,1781.8000000,138290
comex.GC,D,27/06/21,000000,1782.0000000,1782.9000000,1770.4000000,1779.1000000,30707
comex.GC,D,28/06/21,000000,1779.0000000,1786.1000000,1773.1000000,1775.1000000,140664
comex.GC,D,29/06/21,000000,1775.1000000,1779.0000000,1750.1000000,1761.3000000,227294
comex.GC,D,30/06/21,000000,1761.2000000,1776.5000000,1753.2000000,1776.3000000,166720
comex.GC,D,01/07/21,000000,1776.3000000,1783.4000000,1768.0000000,1779.3000000,157357
comex.GC,D,02/07/21,000000,1779.2000000,1795.9000000,1774.4000000,1787.7000000,182440
comex.GC,D,04/07/21,000000,1787.5000000,1790.6000000,1784.7000000,1785.7000000,12023
comex.GC,D,05/07/21,000000,1785.8000000,1801.4000000,1784.8000000,1797.7000000,66623
comex.GC,D,06/07/21,000000,1797.7000000,1815.7000000,1790.2000000,1801.0000000,203404
comex.GC,D,07/07/21,000000,1800.9000000,1810.2000000,1796.3000000,1797.5000000,158111
comex.GC,D,08/07/21,000000,1797.4000000,1819.5000000,1793.5000000,1805.5000000,197822
comex.GC,D,09/07/21,000000,1805.6000000,1813.0000000,1796.6000000,1808.6000000,118962
comex.GC,D,11/07/21,000000,1808.5000000,1811.0000000,1802.3000000,1803.0000000,18476
comex.GC,D,12/07/21,000000,1803.0000000,1813.8000000,1791.0000000,1809.8000000,150593
comex.GC,D,13/07/21,000000,1809.8000000,1818.0000000,1798.7000000,1813.2000000,190889
comex.GC,D,14/07/21,000000,1813.2000000,1831.1000000,1810.2000000,1826.4000000,178459
comex.GC,D,15/07/21,000000,1826.4000000,1835.0000000,1820.6000000,1828.3000000,138080
comex.GC,D,16/07/21,000000,1828.4000000,1828.7000000,1809.5000000,1812.5000000,152014
comex.GC,D,18/07/21,000000,1811.6000000,1818.0000000,1810.9000000,1813.5000000,15951
comex.GC,D,19/07/21,000000,1813.5000000,1819.8000000,1795.0000000,1818.0000000,189083
comex.GC,D,20/07/21,000000,1818.0000000,1825.9000000,1805.2000000,1809.3000000,179420
comex.GC,D,21/07/21,000000,1809.3000000,1814.4000000,1794.3000000,1798.4000000,157605
comex.GC,D,22/07/21,000000,1798.3000000,1809.2000000,1791.9000000,1803.4000000,144676
comex.GC,D,23/07/21,000000,1803.4000000,1810.7000000,1789.1000000,1802.1000000,140002
comex.GC,D,25/07/21,000000,1802.3000000,1807.8000000,1798.6000000,1807.1000000,16995
comex.GC,D,26/07/21,000000,1807.1000000,1812.0000000,1794.2000000,1798.9000000,131853
comex.GC,D,27/07/21,000000,1798.9000000,1807.6000000,1792.8000000,1806.4000000,130263
comex.GC,D,28/07/21,000000,1806.4000000,1816.5000000,1790.7000000,1814.5000000,87639
comex.GC,D,29/07/21,000000,1814.1000000,1835.3000000,1813.8000000,1833.0000000,29329
comex.GC,D,30/07/21,000000,1832.9000000,1835.5000000,1813.1000000,1816.9000000,127616
comex.GC,D,01/08/21,000000,1817.0000000,1819.9000000,1811.4000000,1814.8000000,25402
comex.GC,D,02/08/21,000000,1814.9000000,1823.2000000,1808.2000000,1813.7000000,141092
comex.GC,D,03/08/21,000000,1813.7000000,1818.6000000,1809.5000000,1816.5000000,96053
comex.GC,D,04/08/21,000000,1816.5000000,1835.9000000,1808.3000000,1813.7000000,234056
comex.GC,D,05/08/21,000000,1813.7000000,1817.9000000,1799.7000000,1803.4000000,162773
comex.GC,D,06/08/21,000000,1803.4000000,1804.6000000,1759.5000000,1763.5000000,281110
comex.GC,D,08/08/21,000000,1765.0000000,1765.7000000,1677.9000000,1739.2000000,91685
comex.GC,D,09/08/21,000000,1739.3000000,1754.0000000,1725.1000000,1738.4000000,200920
comex.GC,D,10/08/21,000000,1738.3000000,1739.4000000,1718.5000000,1734.6000000,171184
comex.GC,D,11/08/21,000000,1734.6000000,1756.7000000,1729.4000000,1752.2000000,171364
comex.GC,D,12/08/21,000000,1752.1000000,1759.6000000,1742.6000000,1756.5000000,129773
comex.GC,D,13/08/21,000000,1756.5000000,1781.9000000,1755.7000000,1781.5000000,128686
comex.GC,D,15/08/21,000000,1781.0000000,1784.4000000,1778.0000000,1778.2000000,16264
comex.GC,D,16/08/21,000000,1778.2000000,1791.3000000,1772.0000000,1787.7000000,126564
comex.GC,D,17/08/21,000000,1787.7000000,1797.6000000,1782.1000000,1792.1000000,138236
comex.GC,D,18/08/21,000000,1792.0000000,1795.7000000,1774.6000000,1781.4000000,136952
comex.GC,D,19/08/21,000000,1781.4000000,1795.0000000,1777.0000000,1787.4000000,134088
comex.GC,D,20/08/21,000000,1787.4000000,1791.0000000,1780.0000000,1782.6000000,91646
comex.GC,D,22/08/21,000000,1781.2000000,1790.3000000,1778.0000000,1788.6000000,20007
comex.GC,D,23/08/21,000000,1788.5000000,1809.1000000,1785.8000000,1803.4000000,138091
comex.GC,D,24/08/21,000000,1803.4000000,1812.2000000,1795.1000000,1796.4000000,122769
comex.GC,D,25/08/21,000000,1796.3000000,1799.9000000,1784.0000000,1789.3000000,143808
comex.GC,D,26/08/21,000000,1789.3000000,1801.8000000,1781.3000000,1800.3000000,133145
comex.GC,D,27/08/21,000000,1800.3000000,1821.9000000,1785.8000000,1820.5000000,166753
comex.GC,D,29/08/21,000000,1821.6000000,1826.5000000,1816.0000000,1817.9000000,22419
comex.GC,D,30/08/21,000000,1817.9000000,1821.0000000,1810.0000000,1818.2000000,91474
comex.GC,D,31/08/21,000000,1818.2000000,1821.9000000,1803.4000000,1817.7000000,160657
comex.GC,D,01/09/21,000000,1817.6000000,1822.7000000,1810.6000000,1813.2000000,128547
comex.GC,D,02/09/21,000000,1813.1000000,1819.6000000,1806.5000000,1814.5000000,108541
comex.GC,D,03/09/21,000000,1814.5000000,1836.9000000,1812.4000000,1829.9000000,167596
comex.GC,D,05/09/21,000000,1833.5000000,1833.5000000,1827.4000000,1828.1000000,12931
comex.GC,D,06/09/21,000000,1828.1000000,1830.4000000,1823.6000000,1825.2000000,42045
comex.GC,D,07/09/21,000000,1825.1000000,1825.4000000,1793.7000000,1799.7000000,201931
comex.GC,D,08/09/21,000000,1799.7000000,1804.4000000,1783.1000000,1790.0000000,153316
comex.GC,D,09/09/21,000000,1790.0000000,1803.4000000,1785.1000000,1799.9000000,147584
comex.GC,D,10/09/21,000000,1800.0000000,1806.0000000,1788.2000000,1788.2000000,113150
comex.GC,D,12/09/21,000000,1789.8000000,1794.0000000,1784.4000000,1793.8000000,15164
comex.GC,D,13/09/21,000000,1793.8000000,1800.2000000,1786.1000000,1792.3000000,102110
comex.GC,D,14/09/21,000000,1792.3000000,1810.6000000,1780.6000000,1805.0000000,191146
comex.GC,D,15/09/21,000000,1805.0000000,1808.5000000,1791.7000000,1792.4000000,137098
comex.GC,D,16/09/21,000000,1792.2000000,1793.1000000,1745.5000000,1758.6000000,240616
comex.GC,D,17/09/21,000000,1758.6000000,1767.8000000,1747.1000000,1753.9000000,154273
comex.GC,D,19/09/21,000000,1754.2000000,1755.6000000,1742.3000000,1746.4000000,20792
comex.GC,D,20/09/21,000000,1746.3000000,1768.4000000,1745.0000000,1762.5000000,134488
comex.GC,D,21/09/21,000000,1762.5000000,1782.8000000,1758.3000000,1778.1000000,139272
comex.GC,D,22/09/21,000000,1778.2000000,1788.4000000,1760.9000000,1764.3000000,160358
comex.GC,D,23/09/21,000000,1764.3000000,1777.1000000,1737.5000000,1752.0000000,207419
comex.GC,D,24/09/21,000000,1752.0000000,1758.0000000,1740.2000000,1750.6000000,123521
comex.GC,D,26/09/21,000000,1751.8000000,1760.9000000,1748.3000000,1759.3000000,14048
comex.GC,D,27/09/21,000000,1759.4000000,1760.8000000,1744.7000000,1749.7000000,124232
comex.GC,D,28/09/21,000000,1749.6000000,1751.9000000,1727.8000000,1740.7000000,195988
comex.GC,D,29/09/21,000000,1740.7000000,1746.0000000,1721.1000000,1732.7000000,167541
comex.GC,D,30/09/21,000000,1732.6000000,1765.0000000,1721.8000000,1754.5000000,219646
comex.GC,D,01/10/21,000000,1754.4000000,1765.2000000,1749.9000000,1761.3000000,127114
comex.GC,D,03/10/21,000000,1762.6000000,1766.5000000,1757.9000000,1759.0000000,14714
comex.GC,D,04/10/21,000000,1758.9000000,1771.5000000,1747.7000000,1760.2000000,159943
comex.GC,D,05/10/21,000000,1760.1000000,1763.8000000,1748.6000000,1756.0000000,143008
comex.GC,D,06/10/21,000000,1756.0000000,1765.9000000,1745.4000000,1760.6000000,153676
comex.GC,D,07/10/21,000000,1760.6000000,1767.7000000,1752.0000000,1759.3000000,143462
comex.GC,D,08/10/21,000000,1759.4000000,1782.4000000,1754.3000000,1757.2000000,214635
comex.GC,D,10/10/21,000000,1757.4000000,1761.1000000,1751.0000000,1755.4000000,22047
comex.GC,D,11/10/21,000000,1755.3000000,1760.5000000,1749.9000000,1758.6000000,107498
comex.GC,D,12/10/21,000000,1758.7000000,1770.0000000,1753.9000000,1762.2000000,154316
comex.GC,D,13/10/21,000000,1762.1000000,1797.4000000,1757.9000000,1789.4000000,289965
comex.GC,D,14/10/21,000000,1789.4000000,1801.9000000,1789.2000000,1796.0000000,149933
comex.GC,D,15/10/21,000000,1796.1000000,1796.3000000,1765.1000000,1768.1000000,184732
comex.GC,D,17/10/21,000000,1767.5000000,1772.5000000,1764.8000000,1767.9000000,17847
comex.GC,D,18/10/21,000000,1767.8000000,1775.5000000,1760.3000000,1775.2000000,146426
comex.GC,D,19/10/21,000000,1775.3000000,1786.0000000,1767.1000000,1774.2000000,164404
comex.GC,D,20/10/21,000000,1774.3000000,1790.3000000,1773.3000000,1786.9000000,166162
comex.GC,D,21/10/21,000000,1786.9000000,1789.0000000,1776.8000000,1788.0000000,134611
comex.GC,D,22/10/21,000000,1787.9000000,1815.5000000,1783.4000000,1793.1000000,277032
comex.GC,D,24/10/21,000000,1794.2000000,1799.9000000,1793.0000000,1799.3000000,17640
comex.GC,D,25/10/21,000000,1799.2000000,1811.5000000,1796.7000000,1804.5000000,141561
comex.GC,D,26/10/21,000000,1804.5000000,1808.0000000,1783.0000000,1790.1000000,193681
comex.GC,D,27/10/21,000000,1790.1000000,1805.1000000,1784.3000000,1800.5000000,182937
comex.GC,D,28/10/21,000000,1800.5000000,1812.7000000,1793.1000000,1798.2000000,198711
comex.GC,D,29/10/21,000000,1798.1000000,1800.5000000,1772.4000000,1785.0000000,226059
comex.GC,D,31/10/21,000000,1785.3000000,1788.5000000,1780.2000000,1785.7000000,14100
comex.GC,D,01/11/21,000000,1785.7000000,1797.5000000,1781.9000000,1792.3000000,124939
comex.GC,D,02/11/21,000000,1792.3000000,1797.8000000,1779.8000000,1783.7000000,140225
comex.GC,D,03/11/21,000000,1783.7000000,1786.8000000,1758.5000000,1775.4000000,213738
comex.GC,D,04/11/21,000000,1775.4000000,1800.3000000,1770.9000000,1794.3000000,208003
comex.GC,D,05/11/21,000000,1794.1000000,1820.1000000,1785.3000000,1820.0000000,221555
comex.GC,D,07/11/21,000000,1820.6000000,1823.0000000,1814.5000000,1821.7000000,26596
comex.GC,D,08/11/21,000000,1821.6000000,1828.8000000,1813.8000000,1825.5000000,146452
comex.GC,D,09/11/21,000000,1825.4000000,1834.8000000,1821.0000000,1828.3000000,167629
comex.GC,D,10/11/21,000000,1828.2000000,1870.6000000,1823.0000000,1851.5000000,276628
comex.GC,D,11/11/21,000000,1851.5000000,1868.7000000,1851.1000000,1859.7000000,144197
comex.GC,D,12/11/21,000000,1859.6000000,1871.4000000,1847.5000000,1867.7000000,153639
comex.GC,D,14/11/21,000000,1872.6000000,1872.6000000,1858.8000000,1861.2000000,22187
comex.GC,D,15/11/21,000000,1861.2000000,1873.0000000,1858.5000000,1868.0000000,118221
comex.GC,D,16/11/21,000000,1868.1000000,1879.5000000,1851.0000000,1856.2000000,202094
comex.GC,D,17/11/21,000000,1856.2000000,1873.3000000,1853.8000000,1868.2000000,137811
comex.GC,D,18/11/21,000000,1868.1000000,1872.0000000,1856.6000000,1864.4000000,136991
comex.GC,D,19/11/21,000000,1864.3000000,1868.1000000,1844.2000000,1846.8000000,172612
comex.GC,D,21/11/21,000000,1848.3000000,1850.4000000,1839.9000000,1848.7000000,17804
comex.GC,D,22/11/21,000000,1848.6000000,1850.0000000,1802.4000000,1807.8000000,243656
comex.GC,D,23/11/21,000000,1807.8000000,1810.6000000,1781.7000000,1793.7000000,187276
comex.GC,D,24/11/21,000000,1793.7000000,1796.2000000,1777.4000000,1791.9000000,130095
comex.GC,D,25/11/21,000000,1791.9000000,1804.1000000,1787.7000000,1797.3000000,55158
comex.GC,D,26/11/21,000000,1797.3000000,1816.3000000,1778.6000000,1792.3000000,95605
comex.GC,D,28/11/21,000000,1791.7000000,1798.9000000,1780.0000000,1798.4000000,6987
comex.GC,D,29/11/21,000000,1798.9000000,1800.7000000,1779.1000000,1790.0000000,26805
comex.GC,D,30/11/21,000000,1790.0000000,1811.4000000,1771.2000000,1780.8000000,239550
comex.GC,D,01/12/21,000000,1780.7000000,1795.7000000,1771.3000000,1777.6000000,163286
comex.GC,D,02/12/21,000000,1777.6000000,1782.7000000,1762.2000000,1772.6000000,163742
comex.GC,D,03/12/21,000000,1772.6000000,1788.0000000,1766.0000000,1783.9000000,148170
comex.GC,D,05/12/21,000000,1787.7000000,1789.0000000,1781.3000000,1782.2000000,26373
comex.GC,D,06/12/21,000000,1782.1000000,1786.5000000,1776.4000000,1778.2000000,99487
comex.GC,D,07/12/21,000000,1778.1000000,1791.6000000,1772.4000000,1790.1000000,123220
comex.GC,D,08/12/21,000000,1790.0000000,1794.3000000,1780.1000000,1786.7000000,104810
comex.GC,D,09/12/21,000000,1786.7000000,1788.4000000,1772.1000000,1778.7000000,116120
comex.GC,D,10/12/21,000000,1778.6000000,1791.0000000,1770.4000000,1783.1000000,123747
comex.GC,D,12/12/21,000000,1784.2000000,1790.1000000,1782.3000000,1786.8000000,24404
comex.GC,D,13/12/21,000000,1786.8000000,1792.8000000,1782.2000000,1786.1000000,103177
comex.GC,D,14/12/21,000000,1786.2000000,1789.0000000,1766.1000000,1770.7000000,146008
comex.GC,D,15/12/21,000000,1770.6000000,1784.6000000,1753.0000000,1782.5000000,163713
comex.GC,D,16/12/21,000000,1782.6000000,1805.3000000,1781.5000000,1803.4000000,162792
comex.GC,D,17/12/21,000000,1803.4000000,1815.7000000,1796.5000000,1798.6000000,125857
comex.GC,D,19/12/21,000000,1800.2000000,1803.3000000,1799.0000000,1801.8000000,22909
comex.GC,D,20/12/21,000000,1801.8000000,1804.6000000,1789.0000000,1792.3000000,114795
comex.GC,D,21/12/21,000000,1792.4000000,1801.7000000,1785.0000000,1789.0000000,116816
comex.GC,D,22/12/21,000000,1788.9000000,1809.1000000,1785.8000000,1807.3000000,109075
comex.GC,D,23/12/21,000000,1807.4000000,1812.0000000,1799.0000000,1810.1000000,86495
comex.GC,D,26/12/21,000000,1810.2000000,1813.0000000,1806.7000000,1810.2000000,11801
comex.GC,D,27/12/21,000000,1810.2000000,1814.6000000,1803.6000000,1810.9000000,74990
comex.GC,D,28/12/21,000000,1810.9000000,1821.6000000,1804.3000000,1805.9000000,100784
comex.GC,D,29/12/21,000000,1805.9000000,1807.6000000,1789.1000000,1800.8000000,134315
comex.GC,D,30/12/21,000000,1800.7000000,1820.0000000,1796.2000000,1818.5000000,105570
comex.GC,D,31/12/21,000000,1818.6000000,1831.4000000,1816.1000000,1830.5000000,81860
comex.GC,D,02/01/22,000000,1830.1000000,1833.0000000,1825.0000000,1826.1000000,13644
comex.GC,D,03/01/22,000000,1826.2000000,1828.0000000,1798.2000000,1803.0000000,157987
comex.GC,D,04/01/22,000000,1803.0000000,1817.2000000,1798.1000000,1815.0000000,145713
comex.GC,D,05/01/22,000000,1815.0000000,1830.7000000,1804.9000000,1805.1000000,163439
comex.GC,D,06/01/22,000000,1805.2000000,1807.4000000,1785.4000000,1792.2000000,194439
comex.GC,D,07/01/22,000000,1792.3000000,1798.4000000,1781.3000000,1796.5000000,150773
comex.GC,D,09/01/22,000000,1796.4000000,1796.4000000,1789.5000000,1791.5000000,14217
comex.GC,D,10/01/22,000000,1791.5000000,1807.4000000,1789.3000000,1806.1000000,131475
comex.GC,D,11/01/22,000000,1806.1000000,1823.1000000,1801.1000000,1818.0000000,142331
comex.GC,D,12/01/22,000000,1818.0000000,1828.2000000,1814.4000000,1826.0000000,141991
comex.GC,D,13/01/22,000000,1825.9000000,1828.3000000,1811.8000000,1825.8000000,141919
comex.GC,D,14/01/22,000000,1825.8000000,1829.3000000,1814.2000000,1817.3000000,136105
comex.GC,D,16/01/22,000000,1818.7000000,1819.8000000,1812.2000000,1819.0000000,13364
comex.GC,D,17/01/22,000000,1819.0000000,1822.9000000,1814.2000000,1816.9000000,56707
comex.GC,D,18/01/22,000000,1816.9000000,1819.9000000,1804.7000000,1811.1000000,197470
comex.GC,D,19/01/22,000000,1810.9000000,1844.4000000,1810.6000000,1840.1000000,245337
comex.GC,D,20/01/22,000000,1840.0000000,1848.5000000,1836.2000000,1841.8000000,159455
comex.GC,D,21/01/22,000000,1841.8000000,1843.7000000,1828.4000000,1836.1000000,151941
comex.GC,D,23/01/22,000000,1835.2000000,1837.9000000,1832.2000000,1837.8000000,13587
comex.GC,D,24/01/22,000000,1837.9000000,1844.9000000,1829.3000000,1842.1000000,165040
comex.GC,D,25/01/22,000000,1842.2000000,1854.2000000,1834.4000000,1847.5000000,152762
comex.GC,D,26/01/22,000000,1847.5000000,1848.9000000,1812.2000000,1814.7000000,189646
comex.GC,D,27/01/22,000000,1814.5000000,1816.4000000,1790.6000000,1797.0000000,117391
comex.GC,D,28/01/22,000000,1797.2000000,1797.5000000,1778.8000000,1790.1000000,9897
comex.GC,D,30/01/22,000000,1792.8000000,1792.8000000,1785.8000000,1787.7000000,12123
comex.GC,D,31/01/22,000000,1787.6000000,1800.9000000,1786.3000000,1800.0000000,123005
comex.GC,D,01/02/22,000000,1800.1000000,1809.7000000,1797.6000000,1798.0000000,123209
comex.GC,D,02/02/22,000000,1798.0000000,1812.0000000,1794.6000000,1806.9000000,114924
comex.GC,D,03/02/22,000000,1807.0000000,1809.0000000,1788.5000000,1807.3000000,165976
comex.GC,D,04/02/22,000000,1807.3000000,1815.8000000,1792.1000000,1808.8000000,163543
comex.GC,D,06/02/22,000000,1808.0000000,1816.6000000,1807.5000000,1811.2000000,18651
comex.GC,D,07/02/22,000000,1811.1000000,1824.6000000,1809.0000000,1822.0000000,127823
comex.GC,D,08/02/22,000000,1822.0000000,1829.9000000,1816.0000000,1828.4000000,131440
comex.GC,D,09/02/22,000000,1828.4000000,1837.1000000,1825.5000000,1835.1000000,123632
comex.GC,D,10/02/22,000000,1835.2000000,1843.3000000,1821.8000000,1824.5000000,216332
comex.GC,D,11/02/22,000000,1824.5000000,1867.4000000,1821.1000000,1860.6000000,210496
comex.GC,D,13/02/22,000000,1862.2000000,1864.0000000,1852.5000000,1852.9000000,29414
comex.GC,D,14/02/22,000000,1852.8000000,1881.3000000,1851.9000000,1879.6000000,210592
comex.GC,D,15/02/22,000000,1879.7000000,1881.6000000,1845.4000000,1854.4000000,192304
comex.GC,D,16/02/22,000000,1854.4000000,1878.9000000,1852.3000000,1876.2000000,149595
comex.GC,D,17/02/22,000000,1876.1000000,1905.0000000,1872.3000000,1892.3000000,243937
comex.GC,D,18/02/22,000000,1892.2000000,1902.5000000,1888.0000000,1900.8000000,127526
comex.GC,D,20/02/22,000000,1903.5000000,1910.8000000,1891.3000000,1894.0000000,33750
comex.GC,D,21/02/22,000000,1893.9000000,1918.3000000,1889.7000000,1910.3000000,103122
comex.GC,D,22/02/22,000000,1910.2000000,1915.7000000,1892.8000000,1899.0000000,183585
comex.GC,D,23/02/22,000000,1898.9000000,1951.0000000,1891.1000000,1937.7000000,212560
comex.GC,D,24/02/22,000000,1937.8000000,1976.5000000,1878.6000000,1913.6000000,353324
comex.GC,D,25/02/22,000000,1913.5000000,1922.4000000,1884.4000000,1890.1000000,183142
comex.GC,D,27/02/22,000000,1921.0000000,1935.2000000,1905.2000000,1913.6000000,45198
comex.GC,D,28/02/22,000000,1913.3000000,1920.7000000,1892.2000000,1907.3000000,203218
comex.GC,D,01/03/22,000000,1907.3000000,1952.6000000,1906.2000000,1939.2000000,222259
comex.GC,D,02/03/22,000000,1939.1000000,1951.4000000,1916.0000000,1926.3000000,203972
comex.GC,D,03/03/22,000000,1926.2000000,1954.5000000,1923.1000000,1941.7000000,186220
comex.GC,D,04/03/22,000000,1941.8000000,1974.9000000,1936.4000000,1974.9000000,180631
comex.GC,D,06/03/22,000000,1978.5000000,2005.2000000,1977.0000000,1994.4000000,58241
comex.GC,D,07/03/22,000000,1994.5000000,2007.5000000,1964.2000000,1996.1000000,256821
comex.GC,D,08/03/22,000000,1996.1000000,2078.8000000,1994.4000000,2061.2000000,373467
comex.GC,D,09/03/22,000000,2061.3000000,2066.6000000,1975.0000000,1984.5000000,292044
comex.GC,D,10/03/22,000000,1984.4000000,2015.1000000,1980.2000000,1992.7000000,195046
comex.GC,D,11/03/22,000000,1992.6000000,2000.6000000,1960.6000000,1992.3000000,158656
comex.GC,D,13/03/22,000000,1988.7000000,1994.8000000,1973.1000000,1980.0000000,17565
comex.GC,D,14/03/22,000000,1980.0000000,1982.6000000,1941.3000000,1944.6000000,135595
comex.GC,D,15/03/22,000000,1944.5000000,1944.7000000,1908.1000000,1919.9000000,169358
comex.GC,D,16/03/22,000000,1919.7000000,1939.5000000,1895.2000000,1937.5000000,158569
comex.GC,D,17/03/22,000000,1937.7000000,1951.0000000,1927.2000000,1935.7000000,123963
comex.GC,D,18/03/22,000000,1935.7000000,1941.9000000,1918.0000000,1921.5000000,102436
comex.GC,D,20/03/22,000000,1922.4000000,1929.0000000,1918.4000000,1926.7000000,12642
comex.GC,D,21/03/22,000000,1926.5000000,1941.8000000,1917.2000000,1937.7000000,102801
comex.GC,D,22/03/22,000000,1937.9000000,1939.5000000,1909.8000000,1921.8000000,113576
comex.GC,D,23/03/22,000000,1921.9000000,1949.3000000,1917.1000000,1939.6000000,116179
comex.GC,D,24/03/22,000000,1939.5000000,1967.2000000,1937.4000000,1961.5000000,133113
comex.GC,D,25/03/22,000000,1961.4000000,1963.3000000,1942.6000000,1957.6000000,108586
comex.GC,D,27/03/22,000000,1958.7000000,1959.8000000,1941.9000000,1944.1000000,16236
comex.GC,D,28/03/22,000000,1944.1000000,1946.1000000,1915.7000000,1924.9000000,126251
comex.GC,D,29/03/22,000000,1925.0000000,1925.0000000,1888.3000000,1923.0000000,65530
comex.GC,D,30/03/22,000000,1924.2000000,1938.7000000,1916.3000000,1929.4000000,17838
comex.GC,D,31/03/22,000000,1929.2000000,1955.0000000,1923.0000000,1943.1000000,131624
comex.GC,D,01/04/22,000000,1943.0000000,1944.5000000,1921.4000000,1928.5000000,114111
comex.GC,D,03/04/22,000000,1927.1000000,1930.8000000,1921.7000000,1922.7000000,9717
comex.GC,D,04/04/22,000000,1922.7000000,1941.6000000,1918.2000000,1932.0000000,99200
comex.GC,D,05/04/22,000000,1932.0000000,1948.9000000,1919.5000000,1926.6000000,144681
comex.GC,D,06/04/22,000000,1926.7000000,1937.6000000,1916.2000000,1925.0000000,142220
comex.GC,D,07/04/22,000000,1925.0000000,1941.7000000,1923.3000000,1933.9000000,112266
comex.GC,D,08/04/22,000000,1933.8000000,1952.2000000,1930.4000000,1950.4000000,121177
comex.GC,D,10/04/22,000000,1949.6000000,1954.2000000,1943.6000000,1946.0000000,16932
comex.GC,D,11/04/22,000000,1945.9000000,1974.6000000,1942.9000000,1963.2000000,170797
comex.GC,D,12/04/22,000000,1963.2000000,1982.7000000,1953.0000000,1973.6000000,158095
comex.GC,D,13/04/22,000000,1973.7000000,1985.8000000,1969.2000000,1977.2000000,121461
comex.GC,D,14/04/22,000000,1977.4000000,1983.8000000,1962.7000000,1977.1000000,122165
comex.GC,D,17/04/22,000000,1978.5000000,1992.7000000,1974.4000000,1988.6000000,20620
comex.GC,D,18/04/22,000000,1988.8000000,2003.0000000,1978.1000000,1981.8000000,127455
comex.GC,D,19/04/22,000000,1981.7000000,1985.1000000,1944.7000000,1946.5000000,176312
comex.GC,D,20/04/22,000000,1946.6000000,1960.9000000,1941.0000000,1953.5000000,125544
comex.GC,D,21/04/22,000000,1953.3000000,1956.3000000,1938.0000000,1952.1000000,141688
comex.GC,D,22/04/22,000000,1952.2000000,1957.8000000,1928.0000000,1932.5000000,147719
comex.GC,D,24/04/22,000000,1931.9000000,1935.5000000,1922.8000000,1925.3000000,22999
comex.GC,D,25/04/22,000000,1925.3000000,1925.7000000,1891.8000000,1903.2000000,202002
comex.GC,D,26/04/22,000000,1903.1000000,1912.2000000,1896.3000000,1899.6000000,147507
comex.GC,D,27/04/22,000000,1899.7000000,1908.1000000,1877.4000000,1879.2000000,170949
comex.GC,D,28/04/22,000000,1879.1000000,1907.0000000,1870.9000000,1905.6000000,166213
comex.GC,D,29/04/22,000000,1905.8000000,1921.3000000,1895.2000000,1896.9000000,140871
comex.GC,D,01/05/22,000000,1896.2000000,1900.4000000,1884.0000000,1888.8000000,18259
comex.GC,D,02/05/22,000000,1888.7000000,1888.8000000,1853.4000000,1862.3000000,174363
comex.GC,D,03/05/22,000000,1862.3000000,1878.4000000,1849.7000000,1864.5000000,141650
comex.GC,D,04/05/22,000000,1864.5000000,1904.0000000,1861.1000000,1901.8000000,136188
comex.GC,D,05/05/22,000000,1901.9000000,1910.7000000,1865.0000000,1876.5000000,186660
comex.GC,D,06/05/22,000000,1876.5000000,1894.0000000,1873.0000000,1882.8000000,123206
comex.GC,D,08/05/22,000000,1883.7000000,1885.6000000,1873.0000000,1874.6000000,15724
comex.GC,D,09/05/22,000000,1874.7000000,1875.9000000,1851.0000000,1863.5000000,146951
comex.GC,D,10/05/22,000000,1863.5000000,1864.7000000,1830.6000000,1835.2000000,165392
comex.GC,D,11/05/22,000000,1835.1000000,1858.8000000,1833.5000000,1852.7000000,174120
comex.GC,D,12/05/22,000000,1852.7000000,1853.9000000,1809.1000000,1823.2000000,187500
comex.GC,D,13/05/22,000000,1823.1000000,1827.6000000,1797.2000000,1810.3000000,138686
comex.GC,D,15/05/22,000000,1809.4000000,1815.7000000,1807.4000000,1808.6000000,19251
comex.GC,D,16/05/22,000000,1808.7000000,1828.4000000,1785.0000000,1821.7000000,134185
comex.GC,D,17/05/22,000000,1821.6000000,1834.8000000,1805.4000000,1806.4000000,114888
comex.GC,D,18/05/22,000000,1806.5000000,1822.9000000,1805.0000000,1814.1000000,102086
comex.GC,D,19/05/22,000000,1814.2000000,1848.2000000,1808.4000000,1840.1000000,148537
comex.GC,D,20/05/22,000000,1840.1000000,1847.8000000,1830.6000000,1845.1000000,100664
comex.GC,D,22/05/22,000000,1844.4000000,1858.2000000,1843.3000000,1853.1000000,16049
comex.GC,D,23/05/22,000000,1853.2000000,1864.3000000,1845.4000000,1854.0000000,105878
comex.GC,D,24/05/22,000000,1854.0000000,1869.1000000,1848.8000000,1861.1000000,118212
comex.GC,D,25/05/22,000000,1861.1000000,1861.8000000,1838.7000000,1848.7000000,105627
comex.GC,D,26/05/22,000000,1848.7000000,1854.6000000,1836.3000000,1852.4000000,75433
comex.GC,D,27/05/22,000000,1852.4000000,1860.7000000,1846.5000000,1850.6000000,11338
comex.GC,D,29/05/22,000000,1850.3000000,1858.0000000,1845.7000000,1857.3000000,159
comex.GC,D,30/05/22,000000,1858.6000000,1862.1000000,1848.3000000,1854.8000000,15631
comex.GC,D,31/05/22,000000,1854.6000000,1860.2000000,1835.2000000,1839.0000000,130988
comex.GC,D,01/06/22,000000,1838.9000000,1853.0000000,1830.2000000,1847.2000000,142813
comex.GC,D,02/06/22,000000,1847.3000000,1878.6000000,1846.6000000,1872.3000000,125648
comex.GC,D,03/06/22,000000,1872.3000000,1872.5000000,1849.7000000,1853.9000000,93621
comex.GC,D,05/06/22,000000,1853.7000000,1858.8000000,1852.4000000,1858.7000000,9618
comex.GC,D,06/06/22,000000,1858.5000000,1861.2000000,1838.5000000,1842.4000000,94431
comex.GC,D,07/06/22,000000,1842.3000000,1858.2000000,1840.4000000,1848.8000000,110995
comex.GC,D,08/06/22,000000,1848.8000000,1862.4000000,1846.6000000,1857.5000000,93469
comex.GC,D,09/06/22,000000,1857.4000000,1857.6000000,1841.9000000,1846.9000000,117651
comex.GC,D,10/06/22,000000,1846.9000000,1879.6000000,1826.5000000,1875.2000000,242501
comex.GC,D,12/06/22,000000,1879.0000000,1882.5000000,1863.2000000,1867.0000000,31839
comex.GC,D,13/06/22,000000,1866.9000000,1870.4000000,1809.2000000,1826.8000000,220400
comex.GC,D,14/06/22,000000,1826.9000000,1833.3000000,1806.1000000,1816.8000000,144760
comex.GC,D,15/06/22,000000,1816.9000000,1845.4000000,1814.1000000,1834.6000000,190428
comex.GC,D,16/06/22,000000,1834.6000000,1861.5000000,1816.3000000,1844.6000000,174734
comex.GC,D,17/06/22,000000,1844.7000000,1855.9000000,1836.1000000,1841.9000000,119198
comex.GC,D,19/06/22,000000,1840.6000000,1848.4000000,1836.8000000,1846.0000000,13692
comex.GC,D,20/06/22,000000,1846.0000000,1847.1000000,1837.4000000,1842.3000000,42751
comex.GC,D,21/06/22,000000,1842.3000000,1846.2000000,1827.1000000,1829.4000000,121405
comex.GC,D,22/06/22,000000,1829.4000000,1850.3000000,1824.5000000,1834.3000000,134517
comex.GC,D,23/06/22,000000,1834.3000000,1848.9000000,1822.4000000,1826.2000000,159219
comex.GC,D,24/06/22,000000,1826.1000000,1833.7000000,1817.7000000,1828.1000000,115093
comex.GC,D,26/06/22,000000,1839.6000000,1842.6000000,1830.1000000,1836.9000000,18134
comex.GC,D,27/06/22,000000,1836.9000000,1842.8000000,1821.8000000,1827.3000000,120627
comex.GC,D,28/06/22,000000,1827.3000000,1830.7000000,1819.1000000,1821.5000000,77242
comex.GC,D,29/06/22,000000,1821.7000000,1834.9000000,1810.7000000,1817.9000000,141753
comex.GC,D,30/06/22,000000,1818.0000000,1826.8000000,1801.1000000,1801.5000000,188699
comex.GC,D,01/07/22,000000,1801.5000000,1813.6000000,1783.4000000,1812.9000000,184406
comex.GC,D,03/07/22,000000,1814.4000000,1815.2000000,1806.6000000,1812.2000000,11653
comex.GC,D,04/07/22,000000,1812.3000000,1814.4000000,1804.8000000,1811.4000000,47523
comex.GC,D,05/07/22,000000,1811.4000000,1812.7000000,1763.0000000,1767.4000000,202018
comex.GC,D,06/07/22,000000,1767.4000000,1770.7000000,1730.7000000,1743.9000000,182613
comex.GC,D,07/07/22,000000,1743.9000000,1748.2000000,1736.4000000,1740.4000000,121723
comex.GC,D,08/07/22,000000,1740.4000000,1751.7000000,1726.0000000,1740.9000000,126830
comex.GC,D,10/07/22,000000,1741.5000000,1743.0000000,1736.6000000,1740.8000000,13626
comex.GC,D,11/07/22,000000,1740.7000000,1742.2000000,1721.6000000,1731.5000000,116385
comex.GC,D,12/07/22,000000,1731.5000000,1737.9000000,1720.6000000,1725.2000000,118788
comex.GC,D,13/07/22,000000,1725.2000000,1744.3000000,1704.5000000,1730.1000000,205261
comex.GC,D,14/07/22,000000,1730.1000000,1730.4000000,1695.0000000,1706.0000000,199155
comex.GC,D,15/07/22,000000,1706.0000000,1712.3000000,1696.6000000,1706.5000000,139414
comex.GC,D,17/07/22,000000,1706.4000000,1716.1000000,1704.4000000,1714.5000000,15755
comex.GC,D,18/07/22,000000,1714.4000000,1722.0000000,1702.6000000,1707.1000000,115268
comex.GC,D,19/07/22,000000,1707.1000000,1716.4000000,1704.8000000,1710.3000000,105968
comex.GC,D,20/07/22,000000,1710.1000000,1712.7000000,1687.6000000,1689.0000000,133291
comex.GC,D,21/07/22,000000,1689.0000000,1719.5000000,1678.4000000,1712.5000000,203171
comex.GC,D,22/07/22,000000,1712.5000000,1738.3000000,1712.0000000,1725.3000000,137355
comex.GC,D,24/07/22,000000,1724.8000000,1727.0000000,1717.9000000,1725.6000000,11771
comex.GC,D,25/07/22,000000,1725.5000000,1734.6000000,1712.9000000,1722.2000000,96353
comex.GC,D,26/07/22,000000,1722.1000000,1725.8000000,1711.5000000,1714.6000000,79846
comex.GC,D,27/07/22,000000,1714.7000000,1740.0000000,1709.1000000,1735.0000000,87188
comex.GC,D,28/07/22,000000,1735.0000000,1780.2000000,1733.3000000,1779.1000000,26765
comex.GC,D,29/07/22,000000,1779.1000000,1784.6000000,1768.4000000,1782.7000000,119494
comex.GC,D,31/07/22,000000,1782.5000000,1783.3000000,1777.2000000,1778.0000000,12536
comex.GC,D,01/08/22,000000,1777.9000000,1797.3000000,1774.3000000,1790.9000000,132112
comex.GC,D,02/08/22,000000,1790.8000000,1805.0000000,1771.4000000,1785.0000000,166945
comex.GC,D,03/08/22,000000,1784.9000000,1789.4000000,1770.0000000,1787.0000000,129189
comex.GC,D,04/08/22,000000,1787.0000000,1812.0000000,1785.1000000,1809.0000000,140947
comex.GC,D,05/08/22,000000,1808.9000000,1809.6000000,1780.2000000,1792.4000000,146965
comex.GC,D,07/08/22,000000,1790.3000000,1792.1000000,1787.1000000,1789.1000000,8764
comex.GC,D,08/08/22,000000,1789.2000000,1806.9000000,1786.9000000,1802.0000000,99336
comex.GC,D,09/08/22,000000,1802.0000000,1817.0000000,1799.7000000,1807.4000000,110870
comex.GC,D,10/08/22,000000,1807.4000000,1824.6000000,1799.5000000,1801.1000000,149164
comex.GC,D,11/08/22,000000,1801.1000000,1814.9000000,1798.6000000,1806.5000000,109338
comex.GC,D,12/08/22,000000,1806.5000000,1819.1000000,1799.6000000,1818.9000000,101809
comex.GC,D,14/08/22,000000,1818.9000000,1818.9000000,1809.6000000,1811.1000000,12734
comex.GC,D,15/08/22,000000,1811.1000000,1811.1000000,1787.6000000,1796.2000000,130942
comex.GC,D,16/08/22,000000,1796.1000000,1797.0000000,1785.4000000,1790.1000000,85846
comex.GC,D,17/08/22,000000,1790.2000000,1796.6000000,1773.9000000,1775.9000000,137003
comex.GC,D,18/08/22,000000,1775.9000000,1786.3000000,1766.6000000,1767.2000000,123434
comex.GC,D,19/08/22,000000,1767.2000000,1772.0000000,1759.1000000,1760.3000000,115175
comex.GC,D,21/08/22,000000,1760.6000000,1762.1000000,1758.1000000,1759.6000000,9866
comex.GC,D,22/08/22,000000,1759.7000000,1759.7000000,1740.2000000,1751.2000000,137018
comex.GC,D,23/08/22,000000,1751.3000000,1767.5000000,1743.1000000,1758.1000000,136081
comex.GC,D,24/08/22,000000,1758.1000000,1770.7000000,1754.8000000,1769.2000000,110985
comex.GC,D,25/08/22,000000,1769.2000000,1778.8000000,1764.6000000,1770.2000000,109357
comex.GC,D,26/08/22,000000,1770.1000000,1771.3000000,1746.2000000,1750.8000000,157874
comex.GC,D,28/08/22,000000,1748.4000000,1750.7000000,1734.9000000,1735.9000000,24346
comex.GC,D,29/08/22,000000,1735.9000000,1757.9000000,1731.4000000,1747.1000000,139582
comex.GC,D,30/08/22,000000,1747.1000000,1749.8000000,1730.8000000,1735.3000000,121517
comex.GC,D,31/08/22,000000,1735.2000000,1738.0000000,1713.0000000,1715.2000000,172619
comex.GC,D,01/09/22,000000,1715.4000000,1719.7000000,1699.1000000,1710.3000000,176017
comex.GC,D,02/09/22,000000,1710.3000000,1729.5000000,1709.4000000,1722.6000000,151910
comex.GC,D,04/09/22,000000,1724.2000000,1724.5000000,1718.6000000,1722.9000000,9700
comex.GC,D,05/09/22,000000,1723.0000000,1737.4000000,1719.1000000,1729.0000000,61791
comex.GC,D,06/09/22,000000,1729.1000000,1731.7000000,1703.1000000,1704.0000000,146330
comex.GC,D,07/09/22,000000,1703.8000000,1731.2000000,1701.7000000,1725.7000000,160118
comex.GC,D,08/09/22,000000,1725.7000000,1739.4000000,1713.7000000,1729.9000000,178376
comex.GC,D,09/09/22,000000,1730.0000000,1740.5000000,1721.8000000,1727.6000000,129916
comex.GC,D,11/09/22,000000,1728.4000000,1731.4000000,1722.7000000,1724.0000000,10811
comex.GC,D,12/09/22,000000,1724.1000000,1746.4000000,1722.3000000,1731.9000000,154862
comex.GC,D,13/09/22,000000,1731.8000000,1742.9000000,1706.2000000,1710.4000000,220692
comex.GC,D,14/09/22,000000,1710.5000000,1717.3000000,1698.4000000,1701.9000000,145586
comex.GC,D,15/09/22,000000,1701.9000000,1702.4000000,1668.9000000,1672.7000000,247160
comex.GC,D,16/09/22,000000,1672.7000000,1689.9000000,1661.9000000,1684.5000000,183930
comex.GC,D,18/09/22,000000,1685.4000000,1688.8000000,1676.6000000,1677.4000000,15544
comex.GC,D,19/09/22,000000,1677.4000000,1688.8000000,1667.6000000,1685.3000000,132421
comex.GC,D,20/09/22,000000,1685.4000000,1685.6000000,1668.1000000,1671.7000000,131661
comex.GC,D,21/09/22,000000,1671.7000000,1696.9000000,1661.3000000,1668.3000000,225992
comex.GC,D,22/09/22,000000,1668.1000000,1693.5000000,1663.3000000,1677.0000000,212305
comex.GC,D,23/09/22,000000,1677.2000000,1682.3000000,1646.6000000,1651.7000000,208348
comex.GC,D,25/09/22,000000,1651.0000000,1653.4000000,1633.8000000,1645.3000000,36925
comex.GC,D,26/09/22,000000,1645.4000000,1657.2000000,1627.7000000,1638.1000000,183033
comex.GC,D,27/09/22,000000,1638.1000000,1650.1000000,1629.9000000,1631.6000000,179121
comex.GC,D,28/09/22,000000,1631.6000000,1671.6000000,1622.2000000,1662.8000000,251116
comex.GC,D,29/09/22,000000,1662.9000000,1673.6000000,1649.3000000,1670.1000000,184754
comex.GC,D,30/09/22,000000,1670.1000000,1684.4000000,1668.1000000,1668.3000000,158383
comex.GC,D,02/10/22,000000,1670.5000000,1677.8000000,1668.3000000,1672.2000000,14520
comex.GC,D,03/10/22,000000,1672.2000000,1711.6000000,1666.5000000,1708.8000000,202123
comex.GC,D,04/10/22,000000,1708.8000000,1738.7000000,1706.4000000,1728.2000000,189104
comex.GC,D,05/10/22,000000,1728.2000000,1736.6000000,1708.8000000,1730.7000000,161311
comex.GC,D,06/10/22,000000,1730.8000000,1734.2000000,1714.8000000,1717.6000000,127412
comex.GC,D,07/10/22,000000,1717.7000000,1722.8000000,1698.4000000,1701.8000000,139193
comex.GC,D,09/10/22,000000,1703.4000000,1707.4000000,1693.0000000,1695.9000000,21675
comex.GC,D,10/10/22,000000,1696.0000000,1696.6000000,1667.9000000,1670.7000000,145332
comex.GC,D,11/10/22,000000,1670.7000000,1691.3000000,1667.5000000,1672.0000000,157548
comex.GC,D,12/10/22,000000,1672.1000000,1685.1000000,1671.5000000,1675.7000000,62300
comex.GC,D,13/10/22,000000,1675.7000000,1688.9000000,1648.3000000,1674.9000000,228950
comex.GC,D,14/10/22,000000,1675.1000000,1677.8000000,1645.6000000,1650.2000000,154290
comex.GC,D,16/10/22,000000,1649.9000000,1657.8000000,1649.1000000,1655.2000000,12252
comex.GC,D,17/10/22,000000,1655.3000000,1674.3000000,1652.5000000,1657.8000000,146926
comex.GC,D,18/10/22,000000,1657.9000000,1666.0000000,1650.6000000,1654.2000000,152569
comex.GC,D,19/10/22,000000,1654.2000000,1654.4000000,1626.3000000,1630.2000000,174522
comex.GC,D,20/10/22,000000,1630.2000000,1650.3000000,1624.6000000,1625.6000000,153447
comex.GC,D,21/10/22,000000,1625.6000000,1663.1000000,1621.1000000,1662.5000000,234237
comex.GC,D,23/10/22,000000,1662.9000000,1675.5000000,1656.6000000,1658.9000000,30546
comex.GC,D,24/10/22,000000,1658.9000000,1663.6000000,1648.0000000,1655.9000000,143793
comex.GC,D,25/10/22,000000,1655.8000000,1666.8000000,1641.2000000,1661.3000000,158777
comex.GC,D,26/10/22,000000,1661.4000000,1679.4000000,1659.4000000,1668.5000000,168905
comex.GC,D,27/10/22,000000,1668.6000000,1673.6000000,1658.5000000,1668.7000000,171202
comex.GC,D,28/10/22,000000,1668.7000000,1669.4000000,1640.7000000,1648.3000000,166735
comex.GC,D,30/10/22,000000,1647.2000000,1648.4000000,1643.2000000,1647.2000000,10689
comex.GC,D,31/10/22,000000,1647.2000000,1648.5000000,1633.6000000,1640.4000000,120936
comex.GC,D,01/11/22,000000,1640.5000000,1660.3000000,1639.5000000,1653.8000000,169647
comex.GC,D,02/11/22,000000,1653.8000000,1673.1000000,1634.1000000,1640.0000000,197344
comex.GC,D,03/11/22,000000,1639.9000000,1642.4000000,1618.3000000,1641.3000000,209909
comex.GC,D,04/11/22,000000,1641.3000000,1686.4000000,1640.7000000,1685.7000000,246547
comex.GC,D,06/11/22,000000,1678.6000000,1683.4000000,1673.4000000,1675.7000000,26348
comex.GC,D,07/11/22,000000,1675.8000000,1685.6000000,1670.0000000,1672.7000000,128240
comex.GC,D,08/11/22,000000,1672.7000000,1720.4000000,1667.1000000,1711.4000000,250056
comex.GC,D,09/11/22,000000,1711.4000000,1725.8000000,1705.1000000,1712.8000000,181865
comex.GC,D,10/11/22,000000,1712.7000000,1760.6000000,1706.7000000,1756.1000000,246892
comex.GC,D,11/11/22,000000,1756.1000000,1775.6000000,1755.7000000,1774.2000000,162821
comex.GC,D,13/11/22,000000,1769.4000000,1769.8000000,1762.5000000,1764.4000000,21288
comex.GC,D,14/11/22,000000,1764.4000000,1778.4000000,1755.8000000,1774.0000000,154196
comex.GC,D,15/11/22,000000,1774.0000000,1791.8000000,1771.0000000,1775.1000000,207798
comex.GC,D,16/11/22,000000,1775.2000000,1788.2000000,1764.7000000,1765.0000000,149307
comex.GC,D,17/11/22,000000,1765.0000000,1774.7000000,1756.6000000,1764.7000000,139291
comex.GC,D,18/11/22,000000,1764.6000000,1769.9000000,1749.2000000,1752.0000000,102034
comex.GC,D,20/11/22,000000,1752.0000000,1755.0000000,1745.2000000,1747.3000000,13985
comex.GC,D,21/11/22,000000,1747.3000000,1748.6000000,1733.9000000,1746.1000000,112392
comex.GC,D,22/11/22,000000,1746.2000000,1751.0000000,1733.0000000,1735.2000000,110427
comex.GC,D,23/11/22,000000,1735.2000000,1757.0000000,1719.0000000,1756.0000000,126637
comex.GC,D,24/11/22,000000,1756.0000000,1761.2000000,1752.1000000,1758.7000000,46643
comex.GC,D,25/11/22,000000,1758.5000000,1759.2000000,1745.9000000,1755.0000000,52669
comex.GC,D,27/11/22,000000,1755.0000000,1756.3000000,1745.7000000,1751.4000000,12939
comex.GC,D,28/11/22,000000,1751.4000000,1763.5000000,1737.9000000,1752.5000000,77824
comex.GC,D,29/11/22,000000,1752.6000000,1769.1000000,1745.8000000,1767.8000000,17038
comex.GC,D,30/11/22,000000,1767.7000000,1793.8000000,1758.2000000,1793.4000000,196804
comex.GC,D,01/12/22,000000,1793.3000000,1818.7000000,1788.2000000,1811.4000000,204161
comex.GC,D,02/12/22,000000,1811.4000000,1816.9000000,1791.8000000,1811.4000000,158283
comex.GC,D,04/12/22,000000,1810.5000000,1822.9000000,1808.0000000,1821.5000000,21417
comex.GC,D,05/12/22,000000,1821.4000000,1822.2000000,1778.1000000,1784.2000000,171765
comex.GC,D,06/12/22,000000,1784.2000000,1793.2000000,1779.1000000,1782.5000000,111935
comex.GC,D,07/12/22,000000,1782.7000000,1803.2000000,1781.4000000,1795.1000000,147253
comex.GC,D,08/12/22,000000,1795.1000000,1807.7000000,1793.3000000,1807.2000000,105835
comex.GC,D,09/12/22,000000,1805.8000000,1819.0000000,1801.5000000,1809.4000000,104299
comex.GC,D,11/12/22,000000,1808.0000000,1809.3000000,1797.8000000,1798.4000000,13709
comex.GC,D,12/12/22,000000,1798.4000000,1807.1000000,1789.0000000,1793.3000000,99649
comex.GC,D,13/12/22,000000,1793.4000000,1836.9000000,1793.2000000,1822.1000000,189020
comex.GC,D,14/12/22,000000,1819.4000000,1825.4000000,1799.7000000,1801.1000000,142889
comex.GC,D,15/12/22,000000,1801.1000000,1806.3000000,1782.0000000,1788.3000000,165852
comex.GC,D,16/12/22,000000,1788.3000000,1804.2000000,1783.9000000,1803.0000000,109933
comex.GC,D,18/12/22,000000,1801.6000000,1807.0000000,1800.1000000,1802.9000000,14280
comex.GC,D,19/12/22,000000,1802.9000000,1808.6000000,1793.2000000,1799.0000000,101911
comex.GC,D,20/12/22,000000,1799.0000000,1832.4000000,1795.6000000,1824.1000000,173568
comex.GC,D,21/12/22,000000,1823.9000000,1833.8000000,1821.3000000,1829.1000000,99149
comex.GC,D,22/12/22,000000,1829.0000000,1829.3000000,1792.7000000,1802.3000000,161291
comex.GC,D,23/12/22,000000,1802.4000000,1812.2000000,1798.9000000,1806.0000000,86080
comex.GC,D,26/12/22,000000,1808.2000000,1813.9000000,1808.0000000,1812.4000000,12011
comex.GC,D,27/12/22,000000,1812.4000000,1841.9000000,1809.9000000,1819.1000000,153641
comex.GC,D,28/12/22,000000,1819.0000000,1819.5000000,1804.2000000,1815.7000000,105107
comex.GC,D,29/12/22,000000,1815.7000000,1827.3000000,1811.2000000,1822.7000000,97468
comex.GC,D,30/12/22,000000,1822.8000000,1832.4000000,1819.8000000,1830.1000000,91182
comex.GC,D,02/01/23,000000,1831.8000000,1849.4000000,1831.3000000,1846.9000000,32261
comex.GC,D,03/01/23,000000,1846.9000000,1856.6000000,1833.4000000,1852.6000000,180374
comex.GC,D,04/01/23,000000,1852.7000000,1871.3000000,1850.6000000,1857.5000000,188322
comex.GC,D,05/01/23,000000,1857.4000000,1860.8000000,1829.9000000,1842.6000000,166243
comex.GC,D,06/01/23,000000,1842.5000000,1875.2000000,1837.9000000,1870.5000000,181984
comex.GC,D,08/01/23,000000,1872.8000000,1884.4000000,1869.3000000,1881.6000000,25839
comex.GC,D,09/01/23,000000,1881.6000000,1886.4000000,1872.0000000,1875.4000000,139691
comex.GC,D,10/01/23,000000,1875.3000000,1885.2000000,1874.7000000,1881.8000000,119983
comex.GC,D,11/01/23,000000,1881.7000000,1890.9000000,1870.9000000,1887.5000000,154021
comex.GC,D,12/01/23,000000,1887.6000000,1906.5000000,1872.4000000,1898.7000000,201768
comex.GC,D,13/01/23,000000,1898.7000000,1925.3000000,1895.1000000,1923.0000000,175461
comex.GC,D,15/01/23,000000,1923.8000000,1931.8000000,1919.8000000,1925.2000000,17325
comex.GC,D,16/01/23,000000,1925.2000000,1925.3000000,1910.6000000,1913.9000000,84223
comex.GC,D,17/01/23,000000,1914.0000000,1919.5000000,1899.2000000,1901.6000000,150539
comex.GC,D,18/01/23,000000,1901.5000000,1929.8000000,1898.6000000,1911.3000000,186645
comex.GC,D,19/01/23,000000,1911.3000000,1936.9000000,1907.7000000,1925.6000000,167430
comex.GC,D,20/01/23,000000,1925.4000000,1939.0000000,1922.0000000,1927.7000000,109963
comex.GC,D,22/01/23,000000,1928.4000000,1936.7000000,1925.3000000,1930.9000000,15442
comex.GC,D,23/01/23,000000,1930.9000000,1938.3000000,1912.5000000,1934.0000000,150951
comex.GC,D,24/01/23,000000,1934.1000000,1943.8000000,1918.2000000,1929.8000000,143029
comex.GC,D,25/01/23,000000,1929.8000000,1949.8000000,1920.6000000,1947.0000000,136358
comex.GC,D,26/01/23,000000,1947.0000000,1949.4000000,1918.4000000,1921.8000000,147880
comex.GC,D,27/01/23,000000,1921.6000000,1935.4000000,1916.5000000,1927.6000000,75458
comex.GC,D,29/01/23,000000,1928.3000000,1933.6000000,1923.9000000,1932.4000000,1828
comex.GC,D,30/01/23,000000,1932.4000000,1942.7000000,1920.3000000,1935.4000000,21206
comex.GC,D,31/01/23,000000,1935.4000000,1946.9000000,1915.5000000,1941.4000000,186723
comex.GC,D,01/02/23,000000,1941.3000000,1972.4000000,1936.1000000,1968.7000000,211081
comex.GC,D,02/02/23,000000,1968.7000000,1975.2000000,1925.6000000,1929.9000000,235386
comex.GC,D,03/02/23,000000,1929.9000000,1932.1000000,1874.5000000,1877.7000000,275330
comex.GC,D,05/02/23,000000,1878.0000000,1891.2000000,1873.2000000,1891.0000000,33434
comex.GC,D,06/02/23,000000,1890.9000000,1894.0000000,1875.6000000,1885.6000000,140696
